image_name,label,location,explanation
001858037f7846a79c619fda3d915e75.jpg,0,"{""size"": [7016, 4961], ""counts"": ""XcVVQ1""}",Processing error.
00b58544455f44c6af157f57cefa51bd.jpg,0,"{""size"": [768, 1024], ""counts"": ""PPPh0""}",Processing error.
018bdc554e264a13845c91853b890a7d.jpg,0,"{""size"": [2287, 705], ""counts"": ""_aVa1""}",Processing error.
01fd2f3d9c25442888c04a2ddc01c2be.png,0,"{""size"": [512, 512], ""counts"": ""PPP8""}",Processing error.
0215e50a97624e7b833fe994b7b8acf0.jpg,0,"{""size"": [480, 640], ""counts"": ""PP\\9""}",Processing error.
02b51b6e83dc4a058fef1fa56047e135.jpg,0,"{""size"": [1150, 720], ""counts"": ""PcXi0""}",Processing error.
02d06d2781494ac1860145d46570860a.png,0,"{""size"": [512, 512], ""counts"": ""PPP8""}",Processing error.
02e1b37b03284d21b3870210b5abf1dc.jpg,0,"{""size"": [768, 768], ""counts"": ""PPPb0""}",Processing error.
02fcd660b3ac41898883373d7391b5c6.jpg,0,"{""size"": [1024, 683], ""counts"": ""PP[e0""}",Processing error.
0335625a3dd241469e5f3b27033cc4c2.jpg,0,"{""size"": [480, 640], ""counts"": ""PP\\9""}",Processing error.
0400ea2d65404173af8341410587e249.jpg,0,"{""size"": [1856, 2784], ""counts"": ""PPfm4""}",Processing error.
04630109324c42f99f75750324a4bf1b.jpg,0,"{""size"": [7016, 4961], ""counts"": ""XcVVQ1""}",Processing error.
04792ca028594c8f9def92738b3aca9b.jpg,0,"{""size"": [1024, 683], ""counts"": ""PP[e0""}",Processing error.
052b734008414c769ae362ee343bff3a.jpg,0,"{""size"": [640, 480], ""counts"": ""PP\\9""}",Processing error.
0531dd5762434cbda3bc0e8e9cc60440.jpg,0,"{""size"": [1080, 760], ""counts"": ""PbQi0""}",Processing error.
055c3172da724d1fb5771644f347a849.jpg,0,"{""size"": [1867, 932], ""counts"": ""\\XSe1""}",Processing error.
056876b950df4f8c84ca3471fbdbffb9.png,0,"{""size"": [512, 512], ""counts"": ""PPP8""}",Processing error.
06ae81b7afe6486f90cd72e9a8945677.jpg,0,"{""size"": [480, 640], ""counts"": ""PP\\9""}",Processing error.
07448506e0834d3eae562eef002e4dfb.jpg,0,"{""size"": [1644, 888], ""counts"": ""Pea\\1""}",Processing error.
07ed8344f56a4b53a281ce6abfa6fc9d.jpg,0,"{""size"": [480, 640], ""counts"": ""PP\\9""}",Processing error.
08599d271df94bb7a59c328df2cca189.jpg,0,"{""size"": [7016, 4961], ""counts"": ""XcVVQ1""}",Processing error.
087e6acc0f1a4b1198daa560b45eda64.jpg,0,"{""size"": [480, 640], ""counts"": ""PP\\9""}",Processing error.
088fccd32b384f38a9c9a6054a5687a4.jpg,0,"{""size"": [1145, 960], ""counts"": ""P^aQ1""}",Processing error.
08ec183ff881404e89f2f9472a729f1e.jpg,0,"{""size"": [960, 1280], ""counts"": ""PP`U1""}",Processing error.
0aa14066ae3043d989193b5fa08630d0.jpg,0,"{""size"": [768, 768], ""counts"": ""PPPb0""}",Processing error.
0ab6983b45204b6cabc584b09eaa7037.png,0,"{""size"": [512, 512], ""counts"": ""PPP8""}",Processing error.
0ae9d748a2484e92a381f4673c6158b8.jpg,0,"{""size"": [480, 640], ""counts"": ""PP\\9""}",Processing error.
0b559c2cbe5c4eb5baeed55546dea794.jpg,0,"{""size"": [1512, 2016], ""counts"": ""PhPm2""}",Processing error.
0c34e9abf04d41de8ee8fe0ccc68f38b.jpg,0,"{""size"": [2211, 936], ""counts"": ""hoTo1""}",Processing error.
0c77832d1abc417b9130cf8bb63b713a.png,0,"{""size"": [512, 512], ""counts"": ""PPP8""}",Processing error.
0c99b118e4584e5488ebbd5b5fe095c4.jpg,0,"{""size"": [666, 668], ""counts"": ""h^b=""}",Processing error.
0cccd1ccef8c42e89c53f5a1c46273fd.jpg,0,"{""size"": [776, 463], ""counts"": ""hkn:""}",Processing error.
0d8f8867e26b41ada9a4ab3c5ff1628c.jpg,0,"{""size"": [512, 512], ""counts"": ""PPP8""}",Processing error.
0ea52fdaabfd47a0a966a3c2a34dcb1b.png,0,"{""size"": [512, 512], ""counts"": ""PPP8""}",Processing error.
0fafd21f325c4f57b5c733f682c84dd7.png,0,"{""size"": [512, 512], ""counts"": ""PPP8""}",Processing error.
0fdcf898f4de42188c8b327c11f1ee11.jpg,0,"{""size"": [1146, 764], ""counts"": ""hPgj0""}",Processing error.
105b29c2bc9f4d129f78496574437788.jpg,0,"{""size"": [1024, 1024], ""counts"": ""PPPP1""}",Processing error.
10ca0ebc864541179d2c789672ddba7b.jpg,0,"{""size"": [7016, 4961], ""counts"": ""XcVVQ1""}",Processing error.
10fed97bc8444e558c737fdd1fbbca8c.jpg,0,"{""size"": [1392, 612], ""counts"": ""Pnoi0""}",Processing error.
11173b2e7a524ed1ab5c37436600d157.jpg,0,"{""size"": [768, 768], ""counts"": ""PPPb0""}",Processing error.
125b5002644e4db98c67ac795fbdce6b.png,0,"{""size"": [512, 512], ""counts"": ""PPP8""}",Processing error.
12c5a731c8cf4d9abd757cae482d4ec2.jpg,0,"{""size"": [512, 512], ""counts"": ""PPP8""}",Processing error.
1348843d321d48109b33451c541776da.jpg,0,"{""size"": [1283, 439], ""counts"": ""UQVa0""}",Processing error.
13659c847cb94e96aefc27acc71c20d2.jpg,0,"{""size"": [480, 640], ""counts"": ""PP\\9""}",Processing error.
16d73df2b1054d7a8c5530925088f600.jpg,0,"{""size"": [2421, 914], ""counts"": ""jm`S2""}",Processing error.
1763cebb85f74f3c8202af4fcfe57f4a.jpg,0,"{""size"": [7016, 4961], ""counts"": ""XcVVQ1""}",Processing error.
17b9bf94ac5947bbbd0e80a58cc44df9.jpg,0,"{""size"": [768, 768], ""counts"": ""PPPb0""}",Processing error.
17c2c7d20fab48f7a5338c5b9b3f51ad.jpg,0,"{""size"": [1000, 562], ""counts"": ""`jTa0""}",Processing error.
180506c3bacd4426a0cb5f8a559b1e29.jpg,0,"{""size"": [2466, 884], ""counts"": ""Xk`R2""}",Processing error.
18239aba779e4b5cad28f86fffbe1bbf.jpg,0,"{""size"": [721, 548], ""counts"": ""TkQ<""}",Processing error.
182cbf17547749048f251a4b953682ef.jpg,0,"{""size"": [571, 764], ""counts"": ""dPZ=""}",Processing error.
18418009e0ad4249bd5b5c6680451105.jpg,0,"{""size"": [683, 1024], ""counts"": ""PP[e0""}",Processing error.
187c2ca4528a4fb682abfff6f1130a5a.png,0,"{""size"": [512, 512], ""counts"": ""PPP8""}",Processing error.
190a96e5b9d94feeaaa5c80a54972b52.jpg,0,"{""size"": [830, 1280], ""counts"": ""P`]P1""}",Processing error.
19cbc7bbe2034fd6a0fbf32d7cf69cda.jpg,0,"{""size"": [960, 1280], ""counts"": ""PP`U1""}",Processing error.
1a268cf42e254880b55dcc9d6b2fc6e9.jpg,0,"{""size"": [1252, 620], ""counts"": ""`Qfg0""}",Processing error.
1a2ed130ba0949f6a03899e99f2855c6.jpg,0,"{""size"": [1826, 884], ""counts"": ""X[Xa1""}",Processing error.
1a7f25c2ac5548ebb790849206312f34.jpg,0,"{""size"": [768, 768], ""counts"": ""PPPb0""}",Processing error.
1b600d3002e64e9eaf53dc506f00d2e6.jpg,0,"{""size"": [960, 1280], ""counts"": ""PP`U1""}",Processing error.
1bec4114694449f59864f0c7a629f3cf.jpg,0,"{""size"": [1024, 500], ""counts"": ""PPd?""}",Processing error.
1c478e69f10a4fdf9463e4b211a32489.jpg,0,"{""size"": [853, 985], ""counts"": ""]`di0""}",Processing error.
1c4838925cca45e49b9a5fc9f14bcefb.jpg,0,"{""size"": [466, 640], ""counts"": ""PXS9""}",Processing error.
1c649057153b41c2a7951f2a49e09ab9.jpg,0,"{""size"": [1192, 616], ""counts"": ""PR]f0""}",Processing error.
1cc71693c80a4bb284a86f0b1a03e676.jpg,0,"{""size"": [765, 1024], ""counts"": ""PPmg0""}",Processing error.
1d8608b2c74d4b6999b5eb1188465e99.jpg,0,"{""size"": [7016, 4961], ""counts"": ""XcVVQ1""}",Processing error.
1ec109d160a84aaaa36ab9515e6cbfe9.jpg,0,"{""size"": [1852, 884], ""counts"": ""`ina1""}",Processing error.
1f013e16eb9d4cd3a824fde66adf7b1f.jpg,0,"{""size"": [2390, 888], ""counts"": ""`bhP2""}",Processing error.
1f66199a06fb41a9b49dc63d12df4b0d.jpg,0,"{""size"": [1696, 933], ""counts"": ""PYY`1""}",Processing error.
1f6cb8c3e33040d281f66418ee7fb888.jpg,0,"{""size"": [960, 1280], ""counts"": ""PP`U1""}",Processing error.
1fb609dafc9c458c895e28b8008e927b.jpg,0,"{""size"": [322, 894], ""counts"": ""lSi8""}",Processing error.
1fee73602a2445c0834fe1c48495815d.jpg,0,"{""size"": [1150, 720], ""counts"": ""PcXi0""}",Processing error.
2064a853345148829c9f66d1428ade18.jpg,0,"{""size"": [1599, 627], ""counts"": ""]Rcn0""}",Processing error.
2066914c2a4e4996ab32130752bc2cec.jpg,0,"{""size"": [768, 768], ""counts"": ""PPPb0""}",Processing error.
20b0af0f05ca43ea8c317dade9dfd158.jpg,0,"{""size"": [2333, 835], ""counts"": ""g\\^k1""}",Processing error.
224ed91b2a5d402d8c6de5cfb06bdd90.jpg,0,"{""size"": [1373, 705], ""counts"": ""mXam0""}",Processing error.
22756dbffef54f6c868ac404eaa0d740.jpg,0,"{""size"": [960, 1280], ""counts"": ""PP`U1""}",Processing error.
22842acd54f444319334934707b17c2a.jpg,0,"{""size"": [960, 1280], ""counts"": ""PP`U1""}",Processing error.
234d916686d644e580f3de4752feecf8.jpg,0,"{""size"": [334, 966], ""counts"": ""dRk9""}",Processing error.
23c15580326e4fba95db977e7e9aa04d.jpg,0,"{""size"": [640, 480], ""counts"": ""PP\\9""}",Processing error.
2526a3e25cdd4107ac951abaaaedbf13.png,0,"{""size"": [512, 512], ""counts"": ""PPP8""}",Processing error.
2573013a5ddc4641b5255f69c4933172.png,0,"{""size"": [512, 512], ""counts"": ""PPP8""}",Processing error.
2641942bbefb4f27a80669ccdee3d459.jpg,0,"{""size"": [7016, 4961], ""counts"": ""XcVVQ1""}",Processing error.
267001488c9044c1babc9d65d568d82e.jpg,0,"{""size"": [768, 1024], ""counts"": ""PPPh0""}",Processing error.
268016fed5954f9ca800e2f2c7f3e2fa.jpg,0,"{""size"": [1235, 623], ""counts"": ""m[_g0""}",Processing error.
27ccf6d764464ae19e6393c8f5531464.jpg,0,"{""size"": [683, 1024], ""counts"": ""PP[e0""}",Processing error.
28d3c312c70e4e60aa7eeb941d71b3c8.jpg,0,"{""size"": [326, 662], ""counts"": ""Thb6""}",Processing error.
291b91f963714ca69c8f2dd51f673175.jpg,0,"{""size"": [1153, 704], ""counts"": ""Pfhh0""}",Processing error.
2995000597fe40fb81515477ab819ded.jpg,0,"{""size"": [2280, 939], ""counts"": ""hgZQ2""}",Processing error.
2a46a453b744439fb967d58c5b27a32a.jpg,0,"{""size"": [1158, 620], ""counts"": ""XTme0""}",Processing error.
2b76dc34f04f4a7d95a7d310f4140323.jpg,0,"{""size"": [1024, 768], ""counts"": ""PPPh0""}",Processing error.
2b7dc583ef8f447cb49a7a8893d8af99.jpg,0,"{""size"": [1542, 888], ""counts"": ""`ViY1""}",Processing error.
2d4929ee2e184452a30c62afab1d153c.jpg,0,"{""size"": [768, 768], ""counts"": ""PPPb0""}",Processing error.
2e1ca9d9c31946e9ad8b14f0110bc8a0.jpg,0,"{""size"": [480, 640], ""counts"": ""PP\\9""}",Processing error.
2e52135b3324412bbd9b3b0f7d117c38.jpg,0,"{""size"": [1150, 960], ""counts"": ""PTfQ1""}",Processing error.
2e5ae857a5034faa968159fa8ee44813.jpg,0,"{""size"": [512, 512], ""counts"": ""PPP8""}",Processing error.
2ee1048fce7d4147a8b3070b6606e581.jpg,0,"{""size"": [1212, 746], ""counts"": ""hnbk0""}",Processing error.
2f74fe3a097244509a9c654c8d1de96e.jpg,0,"{""size"": [768, 768], ""counts"": ""PPPb0""}",Processing error.
3040a859737b4dc4952407939b5ae53b.jpg,0,"{""size"": [480, 640], ""counts"": ""PP\\9""}",Processing error.
30450dac89b8455eaad48e64cddedcbe.jpg,0,"{""size"": [1280, 960], ""counts"": ""PP`U1""}",Processing error.
305b261caf0742a3a30652157101e7d6.jpg,0,"{""size"": [1200, 1600], ""counts"": ""PPcj1""}",Processing error.
30ec25327b694e82a26bcdb4b91770cc.png,0,"{""size"": [512, 512], ""counts"": ""PPP8""}",Processing error.
3134812af4dd4ed99863a2294d72b92f.jpg,0,"{""size"": [768, 768], ""counts"": ""PPPb0""}",Processing error.
3283dce251284a6f87a88e8663b27c98.jpg,0,"{""size"": [1281, 709], ""counts"": ""Unfk0""}",Processing error.
32d142c253b145bfac05a7bdf3426093.jpg,0,"{""size"": [2662, 888], ""counts"": ""`^TX2""}",Processing error.
3354939ebedd4fe6a343993b4c34dcc9.jpg,0,"{""size"": [2445, 1983], ""counts"": ""cinc4""}",Processing error.
3393d3a6e54049ebb13ccef1a717cacf.jpg,0,"{""size"": [1892, 936], ""counts"": ""P]Qf1""}",Processing error.
33c0f56ce1794504a0e3234ddbd55e7f.jpg,0,"{""size"": [1691, 631], ""counts"": ""]PbP1""}",Processing error.
34e43e119efa4abf9b6ed9df43ab5283.jpg,0,"{""size"": [480, 640], ""counts"": ""PP\\9""}",Processing error.
3537c5c5d1e44cc79ff57b8dedf63f8d.png,0,"{""size"": [512, 512], ""counts"": ""PPP8""}",Processing error.
35781d353a064e2dad3bc3870904b2c2.png,0,"{""size"": [512, 512], ""counts"": ""PPP8""}",Processing error.
360c34e8019f4312b36cb3d4ddb7116b.png,0,"{""size"": [512, 512], ""counts"": ""PPP8""}",Processing error.
3658e7b9f71f4fbd946a75dbce248725.jpg,0,"{""size"": [960, 1280], ""counts"": ""PP`U1""}",Processing error.
36977f3a298c4cd58a51acb862e90251.jpg,0,"{""size"": [480, 640], ""counts"": ""PP\\9""}",Processing error.
36bc230d3e674203a9a52fbf7a54d969.jpg,0,"{""size"": [1280, 960], ""counts"": ""PP`U1""}",Processing error.
36e10fd30e0b494985a0a49a1430cf60.jpg,0,"{""size"": [960, 1280], ""counts"": ""PP`U1""}",Processing error.
37b2803c203e4367bb1116064cdd768c.jpg,0,"{""size"": [1976, 936], ""counts"": ""PV^h1""}",Processing error.
37e06e7b705c47599d79a5e06bf83703.jpg,0,"{""size"": [2318, 744], ""counts"": ""`Udd1""}",Processing error.
388e1ed54f4042168fdf6b0f3f8f5a4a.jpg,0,"{""size"": [480, 640], ""counts"": ""PP\\9""}",Processing error.
38fb48f745074aa083bddc5ce28f9b58.jpg,0,"{""size"": [783, 1024], ""counts"": ""PP_h0""}",Processing error.
39b37eb1293142e6840b0c44706dabdc.jpg,0,"{""size"": [333, 500], ""counts"": ""TcR5""}",Processing error.
3aee7aeab5084a6cbbc3603051f107c3.jpg,0,"{""size"": [2168, 888], ""counts"": ""PRhj1""}",Processing error.
3afb35447d9f4165b9dbfacab6ae83ad.jpg,0,"{""size"": [480, 640], ""counts"": ""PP\\9""}",Processing error.
3b40be85ea7a4ded82d3d91ed3ed411e.jpg,0,"{""size"": [507, 1279], ""counts"": ""UXic0""}",Processing error.
3c3a8ab9060b47c3b5d305fcfe771385.jpg,0,"{""size"": [1856, 2784], ""counts"": ""PPfm4""}",Processing error.
3c6de82dc5d04a0caedd9fdb5f8afbff.jpg,0,"{""size"": [1922, 958], ""counts"": ""lSVh1""}",Processing error.
3c9b165981fc43eeb58988f3fdefc66f.jpg,0,"{""size"": [1527, 1080], ""counts"": ""X`Zb1""}",Processing error.
3c9def813cd64bdab7858cf35c6a096b.jpg,0,"{""size"": [768, 1024], ""counts"": ""PPPh0""}",Processing error.
3e22a4e0f6054029b64a2e339618c96d.jpg,0,"{""size"": [1527, 1080], ""counts"": ""X`Zb1""}",Processing error.
3f1393e537164926af5878b296cd5a3e.jpg,0,"{""size"": [960, 1280], ""counts"": ""PP`U1""}",Processing error.
41ed4e213dc645e883e75aa843b7552a.jpg,0,"{""size"": [768, 768], ""counts"": ""PPPb0""}",Processing error.
41fb089a1880427eb4eb795cb8308f76.jpg,0,"{""size"": [1080, 760], ""counts"": ""PbQi0""}",Processing error.
4260d31535b54f088b1b602c1ea6820c.jpg,0,"{""size"": [768, 768], ""counts"": ""PPPb0""}",Processing error.
42a2e8fe355c4c79844ae217f8f47cbe.jpg,0,"{""size"": [960, 1280], ""counts"": ""PP`U1""}",Processing error.
431d742f85ca4256976f5c36f4a8024e.jpg,0,"{""size"": [2050, 790], ""counts"": ""\\a]a1""}",Processing error.
439f8989a0384c3a83e872870ddce5c3.jpg,0,"{""size"": [512, 512], ""counts"": ""PPP8""}",Processing error.
43f0e0bfe58a44b68c7ec0287d734936.jpg,0,"{""size"": [1791, 885], ""counts"": ""[l[`1""}",Processing error.
4440cb6d5e5041858f04068e3cb159cb.jpg,0,"{""size"": [1000, 750], ""counts"": ""`]lf0""}",Processing error.
451349024b8d465286f4c10ea1e081a6.jpg,0,"{""size"": [728, 1024], ""counts"": ""PPhf0""}",Processing error.
45471e6d8954432780525c09fcd15c0e.jpg,0,"{""size"": [640, 427], ""counts"": ""PlZ8""}",Processing error.
455511fb872a4be2972f9a9c8c0e9e02.jpg,0,"{""size"": [2448, 1836], ""counts"": ""PVUY4""}",Processing error.
45be419f89e148c098a11c7c5439df34.jpg,0,"{""size"": [512, 512], ""counts"": ""PPP8""}",Processing error.
46b4dcbd3bca41688562b6de51c015d6.jpg,0,"{""size"": [480, 640], ""counts"": ""PP\\9""}",Processing error.
478f38cdada04f63b9ecc33a99f661fe.jpg,0,"{""size"": [960, 1280], ""counts"": ""PP`U1""}",Processing error.
47f8de869bd74703a836e8b7ef64075a.jpg,0,"{""size"": [1836, 2448], ""counts"": ""PVUY4""}",Processing error.
4a3386815f984ff78b2bd4357b263ac3.jpg,0,"{""size"": [960, 1280], ""counts"": ""PP`U1""}",Processing error.
4a3b78ffb5bc4a8992ff6a59eac46331.jpg,0,"{""size"": [768, 768], ""counts"": ""PPPb0""}",Processing error.
4aef7388a08b4bb0b944718546b01085.jpg,0,"{""size"": [960, 1280], ""counts"": ""PP`U1""}",Processing error.
4c6be119032040e8bab770861fb864ea.jpg,0,"{""size"": [764, 516], ""counts"": ""`oP<""}",Processing error.
4cfa32bc0a4842d5a1e4ea3b62c9c278.jpg,0,"{""size"": [480, 640], ""counts"": ""PP\\9""}",Processing error.
4d3ea8fe3bc147939146ff1594bab6d1.jpg,0,"{""size"": [2104, 928], ""counts"": ""Phbk1""}",Processing error.
4d69694b14e547489388510f034172c3.jpg,0,"{""size"": [480, 640], ""counts"": ""PP\\9""}",Processing error.
4dbc0ad9eccf440b9953d280c8fbbc09.jpg,0,"{""size"": [2592, 3888], ""counts"": ""P`ac9""}",Processing error.
4dc7edd9410147fcad800fb702b7d9e5.jpg,0,"{""size"": [480, 640], ""counts"": ""PP\\9""}",Processing error.
4e6e49137dc64eae85bae79d16c96969.jpg,0,"{""size"": [1440, 1080], ""counts"": ""Ph^_1""}",Processing error.
4eb6399c683e46feb500e6f2a44b7fb9.jpg,0,"{""size"": [7016, 4961], ""counts"": ""XcVVQ1""}",Processing error.
4ee20f52601c4d16a459f1f4f773dbbc.jpg,0,"{""size"": [1275, 435], ""counts"": ""Qdm`0""}",Processing error.
4f02b8e8e3eb42e2adea2cbf7bb16687.jpg,0,"{""size"": [1771, 928], ""counts"": ""PoTb1""}",Processing error.
4f2514df8e5d41359f3ccefd369867a2.jpg,0,"{""size"": [1024, 768], ""counts"": ""PPPh0""}",Processing error.
4f4b88042e314fbc9ad529103081fedb.jpg,0,"{""size"": [960, 1280], ""counts"": ""PP`U1""}",Processing error.
4f7b3f7f88c544a6bd2b6f84ef799de9.jpg,0,"{""size"": [1233, 709], ""counts"": ""efej0""}",Processing error.
500a98bb21b64b7e9d3ea456031819da.jpg,0,"{""size"": [3264, 2448], ""counts"": ""PPkc7""}",Processing error.
5154c49cb614465499b9937a4d175a71.jpg,0,"{""size"": [768, 1024], ""counts"": ""PPPh0""}",Processing error.
517ed61fad9247b1b433d3a4498694f9.jpg,0,"{""size"": [480, 640], ""counts"": ""PP\\9""}",Processing error.
52e8f5f64fa143e3b860ebf7ef996613.jpg,0,"{""size"": [960, 1280], ""counts"": ""PP`U1""}",Processing error.
531730c3653a47288eaa0ff6db85e9d7.jpg,0,"{""size"": [1150, 960], ""counts"": ""PTfQ1""}",Processing error.
53c6f5bc2cb04930bddfd21347d71575.jpg,0,"{""size"": [768, 768], ""counts"": ""PPPb0""}",Processing error.
545bfe0d8b7d4153a893c62de661130e.jpg,0,"{""size"": [1280, 960], ""counts"": ""PP`U1""}",Processing error.
54ad3d146cb6402f9a0906fbbdf7c5a6.jpg,0,"{""size"": [768, 768], ""counts"": ""PPPb0""}",Processing error.
55725d3f077b4a56b83cafb5a21c45ef.jpg,0,"{""size"": [1024, 683], ""counts"": ""PP[e0""}",Processing error.
56085fc0e9404ea3955bb5c494b90d81.jpg,0,"{""size"": [1404, 704], ""counts"": ""PXUn0""}",Processing error.
560f2e3e249847d1b2038a2e8f43af60.jpg,0,"{""size"": [768, 1024], ""counts"": ""PPPh0""}",Processing error.
5761e673cefd41a9ae87bb995d2f9ee0.jpg,0,"{""size"": [768, 768], ""counts"": ""PPPb0""}",Processing error.
577ce6641de44587a8c7aa7640073a5a.jpg,0,"{""size"": [480, 640], ""counts"": ""PP\\9""}",Processing error.
59e0b5359ed9418fb9a2952db8e0bb0b.jpg,0,"{""size"": [1176, 616], ""counts"": ""P^Sf0""}",Processing error.
5adb37ea920f4eae9731ff8effa54a89.jpg,0,"{""size"": [3024, 4032], ""counts"": ""PPSd;""}",Processing error.
5b019943e40446a0af8a26223b6f577e.jpg,0,"{""size"": [768, 768], ""counts"": ""PPPb0""}",Processing error.
5b97eef7bbaf481f8166d073df9c92c3.jpg,0,"{""size"": [960, 1280], ""counts"": ""PP`U1""}",Processing error.
5cd304de32744196b8cbb6f84b928a40.jpg,0,"{""size"": [1080, 760], ""counts"": ""PbQi0""}",Processing error.
5cde1eb2e86040fb929b775c66ec7b46.jpg,0,"{""size"": [1280, 960], ""counts"": ""PP`U1""}",Processing error.
5d321a0a69384fbbbf39b33bd38d7e06.jpg,0,"{""size"": [480, 611], ""counts"": ""P]n8""}",Processing error.
5d5d6cabffa74329aeac1ab88e5dd523.jpg,0,"{""size"": [480, 640], ""counts"": ""PP\\9""}",Processing error.
5dc56c8a394044e6bc2269f58c0d51ae.jpg,0,"{""size"": [768, 768], ""counts"": ""PPPb0""}",Processing error.
5e24d510631344fb8d8b6d5e4c7ee23b.jpg,0,"{""size"": [768, 768], ""counts"": ""PPPb0""}",Processing error.
5f399573e5f4498b809d89b5c93d6993.jpg,0,"{""size"": [1593, 775], ""counts"": ""_deU1""}",Processing error.
60430ff002224a9e9d972c872be31ade.jpg,0,"{""size"": [1917, 888], ""counts"": ""h\\nc1""}",Processing error.
60dd16bdd3f24741b6218ad2c309de71.jpg,0,"{""size"": [1280, 960], ""counts"": ""PP`U1""}",Processing error.
60ddc159fc64433f9099d94fdf41a84c.jpg,0,"{""size"": [373, 1434], ""counts"": ""R[Z`0""}",Processing error.
61842da973b1468eb54114dbab183cd1.jpg,0,"{""size"": [2445, 1983], ""counts"": ""cinc4""}",Processing error.
61910d18d0554f54bf47367dfed326c7.jpg,0,"{""size"": [480, 640], ""counts"": ""PP\\9""}",Processing error.
622facf1ca564135b4fcc5d2056c5801.jpg,0,"{""size"": [1145, 720], ""counts"": ""`RUi0""}",Processing error.
6251ef99e90243069512d068c6fb2efe.jpg,0,"{""size"": [375, 500], ""counts"": ""\\Sg5""}",Processing error.
627acf8525db45dc91eb2e818cd51047.jpg,0,"{""size"": [2017, 742], ""counts"": ""Vae]1""}",Processing error.
62c2baa5feec47c4a195c3d31ed36733.jpg,0,"{""size"": [1399, 607], ""counts"": ""YYmi0""}",Processing error.
62f206fdbdcc470da92c105c3c2eb5b1.jpg,0,"{""size"": [1530, 689], ""counts"": ""j^UP1""}",Processing error.
6322f657b83a414e91c0c8044f27b3ab.jpg,0,"{""size"": [640, 480], ""counts"": ""PP\\9""}",Processing error.
636dff8b4d2443dda4dd58b0355ebef6.jpg,0,"{""size"": [1000, 750], ""counts"": ""`]lf0""}",Processing error.
6398edd6bce440c8b24dd4a940887d58.jpg,0,"{""size"": [2268, 3024], ""counts"": ""PfYa6""}",Processing error.
64047e7f9dbf4faeaeb6eef2d57ce544.jpg,0,"{""size"": [1512, 1080], ""counts"": ""Pfja1""}",Processing error.
66412b45639a4e1f858dfc9ba2b12529.jpg,0,"{""size"": [768, 768], ""counts"": ""PPPb0""}",Processing error.
66abc3df93cf4a528239593623e1cb8d.jpg,0,"{""size"": [3264, 2448], ""counts"": ""PPkc7""}",Processing error.
6849ff3b225a449d9158907ddb66b247.jpg,0,"{""size"": [1343, 753], ""counts"": ""_bkn0""}",Processing error.
68651ba3add948dc8c4abbeeea067a24.jpg,0,"{""size"": [2200, 888], ""counts"": ""Pjck1""}",Processing error.
693da09c4e024fe5a9f4490c594507f3.jpg,0,"{""size"": [512, 512], ""counts"": ""PPP8""}",Processing error.
696ee75a391a4d69a0459d1613325d07.jpg,0,"{""size"": [1996, 888], ""counts"": ""PmRf1""}",Processing error.
69b8c822f4674384a38be185d8230490.jpg,0,"{""size"": [2155, 1035], ""counts"": ""iTRT2""}",Processing error.
69e5eda2872b45d88b2590544b8101dc.jpg,0,"{""size"": [590, 1280], ""counts"": ""P`Qg0""}",Processing error.
6acc60121a4642c1a21d04d40ccd2d69.jpg,0,"{""size"": [992, 616], ""counts"": ""Phdb0""}",Processing error.
6b5a28805f7b45eeaa4dbaf2ec2e4b8f.jpg,0,"{""size"": [768, 768], ""counts"": ""PPPb0""}",Processing error.
6bbb87d97abe4ef287edf1fa9647598a.jpg,0,"{""size"": [480, 640], ""counts"": ""PP\\9""}",Processing error.
6c0df34e63834482b3f94e328b411cca.jpg,0,"{""size"": [768, 768], ""counts"": ""PPPb0""}",Processing error.
6c7f3a1da66a44d0aa981b589bd0914d.jpg,0,"{""size"": [480, 640], ""counts"": ""PP\\9""}",Processing error.
6cee61e196da458d9d690f53ab107e6a.jpg,0,"{""size"": [1150, 720], ""counts"": ""PcXi0""}",Processing error.
6cfec3e4ee2749fdacd3cb3a52889150.jpg,0,"{""size"": [1176, 616], ""counts"": ""P^Sf0""}",Processing error.
6e52dc8b895c44a18b3f869cc3bc5749.jpg,0,"{""size"": [1536, 2048], ""counts"": ""PPPP3""}",Processing error.
6eba9d4b2a62417f9a5aa8bd2ad56d4d.jpg,0,"{""size"": [1536, 2048], ""counts"": ""PPPP3""}",Processing error.
6f37a6b6616049efbd41e9099f9876c7.jpg,0,"{""size"": [1507, 619], ""counts"": ""Qo^l0""}",Processing error.
7319b48318c9469c9078533d8c818b32.jpg,0,"{""size"": [480, 640], ""counts"": ""PP\\9""}",Processing error.
731e6f674bae47c5b174effaa62e14ab.jpg,0,"{""size"": [1200, 1600], ""counts"": ""PPcj1""}",Processing error.
73255cdcf1c949feb364c04773181cf3.jpg,0,"{""size"": [1000, 742], ""counts"": ""`cdf0""}",Processing error.
7334adb69dc040da994f074d6a1e80f4.jpg,0,"{""size"": [768, 768], ""counts"": ""PPPb0""}",Processing error.
738b29b4dcdf4539a46d4293780bd077.jpg,0,"{""size"": [3024, 4032], ""counts"": ""PPSd;""}",Processing error.
73f91e97a4844d08be00f81338b4590c.png,0,"{""size"": [512, 512], ""counts"": ""PPP8""}",Processing error.
744560f08bd0468e9f6e788cd35c4cda.jpg,0,"{""size"": [480, 640], ""counts"": ""PP\\9""}",Processing error.
745b632ab1724237a24fd6c328e61664.jpg,0,"{""size"": [768, 1024], ""counts"": ""PPPh0""}",Processing error.
7462018f9d1a4089b9344361e48824f4.jpg,0,"{""size"": [683, 1024], ""counts"": ""PP[e0""}",Processing error.
7523fd91e2c0415d9b51b4de6743e522.jpg,0,"{""size"": [2164, 741], ""counts"": ""Tnm`1""}",Processing error.
75c2df80d29c4240a8257f8c50a334fa.jpg,0,"{""size"": [768, 1024], ""counts"": ""PPPh0""}",Processing error.
75fe0da3e3854122baa082bf0968752a.jpg,0,"{""size"": [768, 768], ""counts"": ""PPPb0""}",Processing error.
762a4ce49e024f718f17015ebb87925a.jpg,0,"{""size"": [768, 773], ""counts"": ""PhSb0""}",Processing error.
7737a962788742b2bfc8a440f5b6cb00.jpg,0,"{""size"": [922, 1598], ""counts"": ""\\jn\\1""}",Processing error.
787ff877d6dd4a50b9f4ac6f412df405.jpg,0,"{""size"": [1024, 680], ""counts"": ""PPXe0""}",Processing error.
7a0de8caf9494f919f9655ef5e51cc9f.jpg,0,"{""size"": [1280, 960], ""counts"": ""PP`U1""}",Processing error.
7a14ba4696cc423bb2f618aab691a401.jpg,0,"{""size"": [480, 640], ""counts"": ""PP\\9""}",Processing error.
7a81004a640c4a95bb78f87268cd417a.jpg,0,"{""size"": [1214, 709], ""counts"": ""faXj0""}",Processing error.
7ac89a7057fb498c8fbcd6dbeef99826.jpg,0,"{""size"": [480, 640], ""counts"": ""PP\\9""}",Processing error.
7aee94a615c64144a7450f34bed07ee7.jpg,0,"{""size"": [102, 422], ""counts"": ""TQZ1""}",Processing error.
7b5cffd1e7304c9c8d2e7a4f61c76f7b.png,0,"{""size"": [512, 512], ""counts"": ""PPP8""}",Processing error.
7c820e01df064d658a5d0596e997bee2.jpg,0,"{""size"": [480, 640], ""counts"": ""PP\\9""}",Processing error.
7c9653d6ae744e4699d64ca42ad76293.jpg,0,"{""size"": [768, 768], ""counts"": ""PPPb0""}",Processing error.
7cb69fc459784ac69e85060f2689c975.jpg,0,"{""size"": [1967, 931], ""counts"": ""][lg1""}",Processing error.
7e8c75a694e046b4bd9f13eb003ac121.jpg,0,"{""size"": [1724, 710], ""counts"": ""X[[U1""}",Processing error.
7fe73a04a0894399a7b03f5a7d5bfe69.jpg,0,"{""size"": [2360, 808], ""counts"": ""PVVj1""}",Processing error.
815c4a77b39948e491cdecd3fcd7e062.jpg,0,"{""size"": [450, 450], ""counts"": ""ThU6""}",Processing error.
8169c9cceb5a4754af74bfbc70b95249.jpg,0,"{""size"": [960, 1280], ""counts"": ""PP`U1""}",Processing error.
8172ca9d6f764abeb47a98bf2cabf5ea.jpg,0,"{""size"": [2216, 3936], ""counts"": ""PhUZ8""}",Processing error.
8186a911cf254d2abc4ba43f7025c229.jpg,0,"{""size"": [1354, 764], ""counts"": ""hVbo0""}",Processing error.
82b1183abcba41debd92de1f8d8ef680.jpg,0,"{""size"": [1778, 730], ""counts"": ""d`cW1""}",Processing error.
83089e8107e94760ad7a27fb6f789312.jpg,0,"{""size"": [768, 768], ""counts"": ""PPPb0""}",Processing error.
8319ccf2cd5f465eb613f5fc817aca84.jpg,0,"{""size"": [541, 1316], ""counts"": ""dXge0""}",Processing error.
8382b5dab5fb4f1da07611ebd94d7e59.jpg,0,"{""size"": [480, 640], ""counts"": ""PP\\9""}",Processing error.
83a99858c3f94b5eb3ba720127067ae2.jpg,0,"{""size"": [1150, 960], ""counts"": ""PTfQ1""}",Processing error.
83b5375c110e414f9df996573eec9050.jpg,0,"{""size"": [2331, 816], ""counts"": ""``Qj1""}",Processing error.
84b7f54de8164cf6bba9488e6ed4474e.jpg,0,"{""size"": [1678, 884], ""counts"": ""hbX]1""}",Processing error.
85ea7227cdf54118a5a6a55bff4a89f0.jpg,0,"{""size"": [298, 564], ""counts"": ""XTT5""}",Processing error.
85f1b8baa4ec4f5f8f6709fe8120dd0c.jpg,0,"{""size"": [1701, 731], ""counts"": ""WYnU1""}",Processing error.
861da56392f14369b6130ecc9f4d943f.jpg,0,"{""size"": [291, 919], ""counts"": ""UUU8""}",Processing error.
863fc90bb0f64f008749cb6e1d0b570f.jpg,0,"{""size"": [512, 512], ""counts"": ""PPP8""}",Processing error.
86d18420058c4827965af64c890f90e0.jpg,0,"{""size"": [2107, 928], ""counts"": ""P_ek1""}",Processing error.
870880aae7e44620a73d39a47efc8495.jpg,0,"{""size"": [1145, 960], ""counts"": ""P^aQ1""}",Processing error.
877e01525de24d7fa6fa111e40bdd1c7.jpg,0,"{""size"": [768, 768], ""counts"": ""PPPb0""}",Processing error.
87bed8390b5b4fa9a2f086d917f36348.jpg,0,"{""size"": [1200, 1600], ""counts"": ""PPcj1""}",Processing error.
88594844bdbe4f2daff31b32ac0649bd.png,0,"{""size"": [512, 512], ""counts"": ""PPP8""}",Processing error.
889f41d7cdb74437ba25d96c1157c6e0.jpg,0,"{""size"": [1836, 2448], ""counts"": ""PVUY4""}",Processing error.
88bf9f6625a346deb189bab22a3afdf9.jpg,0,"{""size"": [1582, 920], ""counts"": ""`Z]\\1""}",Processing error.
88e00b1840b14f7c8578e93f125faa21.jpg,0,"{""size"": [480, 640], ""counts"": ""PP\\9""}",Processing error.
88e3335872a340a0af7f2113ceb8a5ae.jpg,0,"{""size"": [1000, 750], ""counts"": ""`]lf0""}",Processing error.
88ee8eea42b94a7397ae296159e0b699.jpg,0,"{""size"": [7016, 4961], ""counts"": ""XcVVQ1""}",Processing error.
891d15f93e8348658f2e22244cd1b47f.jpg,0,"{""size"": [512, 512], ""counts"": ""PPP8""}",Processing error.
89442d15fc3e4a23b210554328ffa7b1.jpg,0,"{""size"": [1620, 888], ""counts"": ""Pkl[1""}",Processing error.
895e5c06e3004f5a9a9938cb16c6f3f2.jpg,0,"{""size"": [1528, 1080], ""counts"": ""Pb[b1""}",Processing error.
898a1f7cb11546e1939ac61756ed3961.jpg,0,"{""size"": [2023, 627], ""counts"": ""UffV1""}",Processing error.
899ac9ff2136410aba554fcd37340050.jpg,0,"{""size"": [960, 1280], ""counts"": ""PP`U1""}",Processing error.
89bcd1ff4b5d42e3a4460fb2b9394770.jpg,0,"{""size"": [1024, 679], ""counts"": ""PPWe0""}",Processing error.
89d7122754fa41f697d51d8320fc3a5b.jpg,0,"{""size"": [1475, 619], ""counts"": ""Qdkk0""}",Processing error.
8b4ba6f7973c408ca57a9293034e3f5e.jpg,0,"{""size"": [480, 640], ""counts"": ""PP\\9""}",Processing error.
8b8009c7c2044e9f834abb1d3a6b8db2.jpg,0,"{""size"": [3024, 2268], ""counts"": ""PfYa6""}",Processing error.
8c5edbeff209443f9492e379b1786f9f.jpg,0,"{""size"": [480, 640], ""counts"": ""PP\\9""}",Processing error.
8d36a30531dc41329b22a04e6eeb6b4a.png,0,"{""size"": [512, 512], ""counts"": ""PPP8""}",Processing error.
8dac564220b64a348422bd1e37ad9365.jpg,0,"{""size"": [1704, 932], ""counts"": ""Pm^`1""}",Processing error.
8ddc55e8edcf4a48b803681ddfea1e54.jpg,0,"{""size"": [1071, 627], ""counts"": ""mh_d0""}",Processing error.
8df1fa92ab5d4467aea96323ab25c0b0.jpg,0,"{""size"": [1024, 1024], ""counts"": ""PPPP1""}",Processing error.
8e61d1216b6d43dc8890a140be828ec1.jpg,0,"{""size"": [1000, 750], ""counts"": ""`]lf0""}",Processing error.
8ec10102e07e46cea880ce509bfc574f.jpg,0,"{""size"": [512, 512], ""counts"": ""PPP8""}",Processing error.
8f4b95a28c3e47a8b4ab6af92ecc97cc.jpg,0,"{""size"": [480, 640], ""counts"": ""PP\\9""}",Processing error.
8ff649e1a9d5445d82c82f35ed718f20.jpg,0,"{""size"": [1024, 1024], ""counts"": ""PPPP1""}",Processing error.
9036fa3cfa9b42ed9c6fbe39ebca3ec4.jpg,0,"{""size"": [768, 768], ""counts"": ""PPPb0""}",Processing error.
912aaade76cc4347a64b90aa258d801b.jpg,0,"{""size"": [768, 768], ""counts"": ""PPPb0""}",Processing error.
91a5a515077242279185f0ce5a588e9c.jpg,0,"{""size"": [480, 640], ""counts"": ""PP\\9""}",Processing error.
91cf1919865c4cb3a0f48ae22317794b.jpg,0,"{""size"": [425, 640], ""counts"": ""PdY8""}",Processing error.
921d2d64ce5c451a8744ec4a7f39932b.jpg,0,"{""size"": [480, 640], ""counts"": ""PP\\9""}",Processing error.
9226869007fc48cfa91e1c79e478bb4d.jpg,0,"{""size"": [600, 480], ""counts"": ""PXi8""}",Processing error.
928c5057dc5a4e519e4f3953813bd794.png,0,"{""size"": [512, 512], ""counts"": ""PPP8""}",Processing error.
956a8325a662463fa5386a99e082dc84.jpg,0,"{""size"": [960, 1280], ""counts"": ""PP`U1""}",Processing error.
959215a29f3349658fd4432ccda83ab8.jpg,0,"{""size"": [512, 512], ""counts"": ""PPP8""}",Processing error.
97cd3c5e218143bfaa7ecf7883e53035.jpg,0,"{""size"": [1449, 708], ""counts"": ""TkYo0""}",Processing error.
98a43be59d7f4f008c3d897d802e0ece.jpg,0,"{""size"": [1024, 620], ""counts"": ""PP\\c0""}",Processing error.
98c77cbb248a4cba9fd9de813e826c05.jpg,0,"{""size"": [1024, 659], ""counts"": ""PPcd0""}",Processing error.
99132668b46c4e9da97d3168170c122d.jpg,0,"{""size"": [1976, 936], ""counts"": ""PV^h1""}",Processing error.
99be7568cb6344dd80b8bbe71f6aeeea.jpg,0,"{""size"": [354, 993], ""counts"": ""RYg:""}",Processing error.
9a2d4586d13f438990fd91ea49644c37.jpg,0,"{""size"": [1024, 768], ""counts"": ""PPPh0""}",Processing error.
9a4d61199b0747c0892a2877908f8817.jpg,0,"{""size"": [1208, 624], ""counts"": ""PTPg0""}",Processing error.
9aafac2ac4744ce7a5b71c33f0e9e314.jpg,0,"{""size"": [960, 1280], ""counts"": ""PP`U1""}",Processing error.
9b00ad0c84d7458686a4a8f3effa73aa.jpg,0,"{""size"": [512, 512], ""counts"": ""PPP8""}",Processing error.
9b4c9c638bf548b9959b700f1c36a92e.jpg,0,"{""size"": [2106, 711], ""counts"": ""fXf]1""}",Processing error.
9d41e501b6624c1a917d13609c41fa10.jpg,0,"{""size"": [1866, 747], ""counts"": ""^WaZ1""}",Processing error.
9d59e2596cff4d66b99716dcd3b05a5a.jpg,0,"{""size"": [1200, 1600], ""counts"": ""PPcj1""}",Processing error.
9e09f14628204d8bbee386365b7a777b.jpg,0,"{""size"": [960, 1280], ""counts"": ""PP`U1""}",Processing error.
9e58c621ec274108bf4016ea42ab3430.jpg,0,"{""size"": [1416, 744], ""counts"": ""PjTP1""}",Processing error.
9ec7b42a904f43d9910ae5279c089439.jpg,0,"{""size"": [573, 358], ""counts"": ""^ZX6""}",Processing error.
9f04b157c8cf4313873d45d471247c7e.jpg,0,"{""size"": [640, 480], ""counts"": ""PP\\9""}",Processing error.
9fa9a942fb1b400aa315556191e0eb55.jpg,0,"{""size"": [466, 640], ""counts"": ""PXS9""}",Processing error.
9fd439c4a3044d6c8b2e1de9e929bd23.jpg,0,"{""size"": [7016, 4961], ""counts"": ""XcVVQ1""}",Processing error.
a019213482014ced81cdc6f8ceebaf6a.jpg,0,"{""size"": [666, 668], ""counts"": ""h^b=""}",Processing error.
a09d96691bbe4788806f192b1ece1c4a.jpg,0,"{""size"": [1528, 1080], ""counts"": ""Pb[b1""}",Processing error.
a0c8202b140648b89a7bcf6563671992.jpg,0,"{""size"": [2592, 3888], ""counts"": ""P`ac9""}",Processing error.
a11be19e14464c948aec8e6e8cab2a98.jpg,0,"{""size"": [1475, 623], ""counts"": ""]\\Ql0""}",Processing error.
a152225fce774b6ca68bd2692b8be7c6.jpg,0,"{""size"": [1388, 725], ""counts"": ""lffn0""}",Processing error.
a191402fdffe4696b9a980d6149e18f8.jpg,0,"{""size"": [1080, 760], ""counts"": ""PbQi0""}",Processing error.
a1f49462b77044b6afd7c78dbbd537b7.jpg,0,"{""size"": [480, 640], ""counts"": ""PP\\9""}",Processing error.
a21402cfc0aa4a578dca602b070e0a8b.jpg,0,"{""size"": [1507, 623], ""counts"": ""]kdl0""}",Processing error.
a235662c9eda4a6d9a6469fa56ddc47a.jpg,0,"{""size"": [1024, 1024], ""counts"": ""PPPP1""}",Processing error.
a26c7587358344a4a18f48886bad7eab.png,0,"{""size"": [512, 512], ""counts"": ""PPP8""}",Processing error.
a291bdcf0ac949029130439681a16738.jpg,0,"{""size"": [1280, 960], ""counts"": ""PP`U1""}",Processing error.
a338739b747c4b0ea71540c5dfd0da99.jpg,0,"{""size"": [768, 768], ""counts"": ""PPPb0""}",Processing error.
a403b73740ec4c5ba720b66188c8a179.jpg,0,"{""size"": [7016, 4961], ""counts"": ""XcVVQ1""}",Processing error.
a5b2391b9f5648208cecf74ea0d12da9.jpg,0,"{""size"": [768, 768], ""counts"": ""PPPb0""}",Processing error.
a5bb070aba8f416e81605db158476d34.png,0,"{""size"": [512, 512], ""counts"": ""PPP8""}",Processing error.
a5cf14d7a59b45e3a5628aaff19b81d8.jpg,0,"{""size"": [509, 764], ""counts"": ""\\hk;""}",Processing error.
a5f30c1e0ece4ca18d98e04ca79629cd.jpg,0,"{""size"": [960, 1280], ""counts"": ""PP`U1""}",Processing error.
a5fe4626f45a4389b264ceed29c9570b.jpg,0,"{""size"": [512, 512], ""counts"": ""PPP8""}",Processing error.
a6958b8ffd464fcfb3ef89563efa60b1.jpg,0,"{""size"": [2445, 933], ""counts"": ""QgcU2""}",Processing error.
a6a3cf029e3e4cee8bd88d9ce4dc49e7.jpg,0,"{""size"": [2592, 3888], ""counts"": ""P`ac9""}",Processing error.
a6c0ebe546cc4021b9f8cf81b930cc0f.jpg,0,"{""size"": [1512, 2016], ""counts"": ""PhPm2""}",Processing error.
a6dcda78163e4d25ba933717da601486.jpg,0,"{""size"": [1917, 888], ""counts"": ""h\\nc1""}",Processing error.
a756048ce0c8497fb9c4c80c3eb661fe.jpg,0,"{""size"": [480, 640], ""counts"": ""PP\\9""}",Processing error.
a81e38ad054741aeb20448728206b43e.jpg,0,"{""size"": [1778, 730], ""counts"": ""d`cW1""}",Processing error.
a85b48944b6240feac53f538e5fd3835.png,0,"{""size"": [512, 512], ""counts"": ""PPP8""}",Processing error.
a8a4ab1b6a594ebda0b8c12dba184924.jpg,0,"{""size"": [480, 640], ""counts"": ""PP\\9""}",Processing error.
a95d75bf71394b10bebc1093a2169fdb.jpg,0,"{""size"": [853, 985], ""counts"": ""]`di0""}",Processing error.
a989bbe1c566426799132f3248ac8933.jpg,0,"{""size"": [1146, 764], ""counts"": ""hPgj0""}",Processing error.
a9eca4c176704fe9b708019e4ac14872.jpg,0,"{""size"": [266, 640], ""counts"": ""PXV5""}",Processing error.
aa7c9d2fc39e4d3fb7f79a219b573614.jpg,0,"{""size"": [960, 1280], ""counts"": ""PP`U1""}",Processing error.
aaf880e31f644c8282077657b139f6d2.jpg,0,"{""size"": [512, 512], ""counts"": ""PPP8""}",Processing error.
aafe806e74b64a69a90290217e435d7b.jpg,0,"{""size"": [1695, 932], ""counts"": ""lfV`1""}",Processing error.
ab470635d32c42d392bca399fd04647a.png,0,"{""size"": [512, 512], ""counts"": ""PPP8""}",Processing error.
abc123bd52604a619933f9bd1851a503.jpg,0,"{""size"": [480, 611], ""counts"": ""P]n8""}",Processing error.
ac4c09a5a9864dd88f91753ae9a7e656.jpg,0,"{""size"": [1648, 888], ""counts"": ""PTe\\1""}",Processing error.
acefacb475284784a1a7ac08be375d97.jpg,0,"{""size"": [7016, 4961], ""counts"": ""XcVVQ1""}",Processing error.
acfa2df57a9646fa8492a4a3155f4f32.jpg,0,"{""size"": [768, 1024], ""counts"": ""PPPh0""}",Processing error.
ad55d3ce502c436ca9edc71da3fe371b.jpg,0,"{""size"": [7016, 4961], ""counts"": ""XcVVQ1""}",Processing error.
ad915d5e1c24413096b12011a5d03eb2.jpg,0,"{""size"": [1757, 789], ""counts"": ""QiYZ1""}",Processing error.
ae8ec325536c4a6897495c477992d82b.jpg,0,"{""size"": [1146, 764], ""counts"": ""hPgj0""}",Processing error.
aeaa339e66154d89b330a0fb8247fc5a.jpg,0,"{""size"": [512, 512], ""counts"": ""PPP8""}",Processing error.
af20a130e40a4dcca77bea9632b25d40.jpg,0,"{""size"": [768, 768], ""counts"": ""PPPb0""}",Processing error.
b035aeab72c84f09aa1c80b6966a7ea6.jpg,0,"{""size"": [1856, 2784], ""counts"": ""PPfm4""}",Processing error.
b04f4c1278284acd894792878b8ebc0d.jpg,0,"{""size"": [1204, 620], ""counts"": ""`ohf0""}",Processing error.
b08dd3e49cd5479993be4eaf55352655.jpg,0,"{""size"": [480, 640], ""counts"": ""PP\\9""}",Processing error.
b0bc3280aeb24650a344f9ed7960e046.jpg,0,"{""size"": [1192, 616], ""counts"": ""PR]f0""}",Processing error.
b147728124394ca59fb538e3fb594e94.jpg,0,"{""size"": [1024, 768], ""counts"": ""PPPh0""}",Processing error.
b2385a6441244bcf902cfa1503759e14.jpg,0,"{""size"": [1024, 656], ""counts"": ""PP`d0""}",Processing error.
b31c75584f67496e840e555772b4d24b.jpg,0,"{""size"": [1697, 938], ""counts"": ""Z_b`1""}",Processing error.
b3de51abda254517ac4260ca88ff36ea.png,0,"{""size"": [512, 512], ""counts"": ""PPP8""}",Processing error.
b464ab1eb3be4b01bea324f4b1795962.jpg,0,"{""size"": [1063, 764], ""counts"": ""TSih0""}",Processing error.
b4c104a64eff4ec0989a7a4c85f7c2df.jpg,0,"{""size"": [576, 1024], ""counts"": ""PPPb0""}",Processing error.
b546b8a3a2fa4ba9833f7e4fa4dc0a21.jpg,0,"{""size"": [824, 568], ""counts"": ""PRY>""}",Processing error.
b77e12f1104e499fac537784673652aa.jpg,0,"{""size"": [1358, 764], ""counts"": ""XVeo0""}",Processing error.
b8ae442fda8f40dd8265cbd6c715acc0.jpg,0,"{""size"": [6701, 4854], ""counts"": ""nYdPo0""}",Processing error.
b94263a9f9274a9dadfb5a73e03110e0.jpg,0,"{""size"": [1024, 1024], ""counts"": ""PPPP1""}",Processing error.
ba61a648b38d41548e9795289eb885ca.jpg,0,"{""size"": [768, 768], ""counts"": ""PPPb0""}",Processing error.
ba764b774faa41d4b2a82110dd4002b1.jpg,0,"{""size"": [768, 768], ""counts"": ""PPPb0""}",Processing error.
bb2f864bcfe143378505cc1d45267c8e.jpg,0,"{""size"": [1280, 960], ""counts"": ""PP`U1""}",Processing error.
bb5a81a3f5354a10b5b5f304ac2916e5.jpg,0,"{""size"": [1200, 1600], ""counts"": ""PPcj1""}",Processing error.
bc2b9cd216b749a09a64ff1343668918.png,0,"{""size"": [512, 512], ""counts"": ""PPP8""}",Processing error.
bcd92b64411e4fab91b240a4aab3bcb3.jpg,0,"{""size"": [7016, 4961], ""counts"": ""XcVVQ1""}",Processing error.
bd6bdb07531b49c9b6e7ae2d791e0942.jpg,0,"{""size"": [1024, 1024], ""counts"": ""PPPP1""}",Processing error.
bdea54f53a72471fb296f46841514e2e.jpg,0,"{""size"": [1836, 2448], ""counts"": ""PVUY4""}",Processing error.
be9868dfcf4a4d34afd7e78ef49a58e2.png,0,"{""size"": [512, 512], ""counts"": ""PPP8""}",Processing error.
c01d3530e32c480b88d06a9df1f7deb5.jpg,0,"{""size"": [480, 640], ""counts"": ""PP\\9""}",Processing error.
c196dd9188df46c599621c363aa49231.jpg,0,"{""size"": [768, 768], ""counts"": ""PPPb0""}",Processing error.
c1afd0fca7514a278971b26633cd31cc.jpg,0,"{""size"": [480, 640], ""counts"": ""PP\\9""}",Processing error.
c251209a3d944bc9bfc4752a6e6e5721.jpg,0,"{""size"": [570, 764], ""counts"": ""hXY=""}",Processing error.
c3b46b86aaa349f98aae22406f80e7ce.jpg,0,"{""size"": [1512, 2016], ""counts"": ""PhPm2""}",Processing error.
c4cd704e2beb4f199b3344dcccdf66f3.jpg,0,"{""size"": [1209, 893], ""counts"": ""eZnP1""}",Processing error.
c4d1b21600504e3595d9b4d15c8cde4b.jpg,0,"{""size"": [2592, 3888], ""counts"": ""P`ac9""}",Processing error.
c55c6c67ef1947a99e4fe909c860377f.jpg,0,"{""size"": [509, 764], ""counts"": ""\\hk;""}",Processing error.
c5ab3ae1a7294f1db47277f41318b369.jpg,0,"{""size"": [1219, 620], ""counts"": ""TRRg0""}",Processing error.
c5b1fa40531b4ec980b37dec287447ef.jpg,0,"{""size"": [824, 568], ""counts"": ""PRY>""}",Processing error.
c66e32a9d8024cebb2d9efa5e5addabf.jpg,0,"{""size"": [1150, 960], ""counts"": ""PTfQ1""}",Processing error.
c6a191072db74645bc8cf25e0c5a4a2a.png,0,"{""size"": [512, 512], ""counts"": ""PPP8""}",Processing error.
c720087e393d4b748de71e4b0883cd24.jpg,0,"{""size"": [375, 500], ""counts"": ""\\Sg5""}",Processing error.
c78363bbc3864bb7924945c305aff5da.jpg,0,"{""size"": [512, 512], ""counts"": ""PPP8""}",Processing error.
c7fd0c4216e7459fb5e069c91fe0f277.jpg,0,"{""size"": [680, 1024], ""counts"": ""PPXe0""}",Processing error.
c86f102a9cd3415c9c3047951a1f1ad5.jpg,0,"{""size"": [466, 640], ""counts"": ""PXS9""}",Processing error.
c963deb407b74114bce8bad52c0887c1.jpg,0,"{""size"": [2886, 884], ""counts"": ""h]k]2""}",Processing error.
c990b99f65be4f5585e4df64c0f92983.jpg,0,"{""size"": [2080, 935], ""counts"": ""PW[k1""}",Processing error.
cadb609e11f944d8bd397cfcec1a210c.jpg,0,"{""size"": [1000, 750], ""counts"": ""`]lf0""}",Processing error.
cb8b0d696c81438f96e976cc4f196ef0.jpg,0,"{""size"": [1200, 1600], ""counts"": ""PPcj1""}",Processing error.
cc0f35bd50ae4f249bff716d714eede9.jpg,0,"{""size"": [1208, 620], ""counts"": ""P]kf0""}",Processing error.
cc552191265545c8b1c3d393317744c0.jpg,0,"{""size"": [768, 768], ""counts"": ""PPPb0""}",Processing error.
cc72a930aacf4173b1a083f2097160cd.jpg,0,"{""size"": [480, 640], ""counts"": ""PP\\9""}",Processing error.
cc8a7d66f65a4e13ab2254cf291cd0da.jpg,0,"{""size"": [1200, 1600], ""counts"": ""PPcj1""}",Processing error.
ccaab0c3d38e4f88bcb076075e99f991.jpg,0,"{""size"": [1200, 1600], ""counts"": ""PPcj1""}",Processing error.
cd505381621a4cb495a52ecae536624c.jpg,0,"{""size"": [512, 512], ""counts"": ""PPP8""}",Processing error.
cdb35666c58a440192fadec2fe3dbc40.jpg,0,"{""size"": [1866, 932], ""counts"": ""X[Re1""}",Processing error.
cde2ae3d27144afca269036dc3873030.jpg,0,"{""size"": [7016, 4961], ""counts"": ""XcVVQ1""}",Processing error.
cdf1c80c3dff461cbc681f129061ff81.jpg,0,"{""size"": [480, 640], ""counts"": ""PP\\9""}",Processing error.
cfaf175d55c14140ae5461e4224d221e.jpg,0,"{""size"": [585, 1280], ""counts"": ""PXkf0""}",Processing error.
d024bfb0ca1b4f02a1fa23691639a335.jpg,0,"{""size"": [7016, 4961], ""counts"": ""XcVVQ1""}",Processing error.
d03f1a8e77004f6c9b708c53e2af32eb.jpg,0,"{""size"": [1150, 720], ""counts"": ""PcXi0""}",Processing error.
d09f338142794956a9874ed399163a56.jpg,0,"{""size"": [7016, 4961], ""counts"": ""XcVVQ1""}",Processing error.
d0c0c005758443e99b7693089aa19a19.jpg,0,"{""size"": [512, 512], ""counts"": ""PPP8""}",Processing error.
d1f566dfbbb247588a74747f7199cb58.jpg,0,"{""size"": [768, 768], ""counts"": ""PPPb0""}",Processing error.
d2098e7a582f4405b32c794406b2c960.png,0,"{""size"": [512, 512], ""counts"": ""PPP8""}",Processing error.
d23e37ef1c6448bb887b766f4468b8cb.jpg,0,"{""size"": [480, 640], ""counts"": ""PP\\9""}",Processing error.
d2c935f3dccf4f3eafe259822ef51b76.jpg,0,"{""size"": [1940, 884], ""counts"": ""`hZd1""}",Processing error.
d2d8f908301d46c5a8deec9ae8642bc1.jpg,0,"{""size"": [480, 640], ""counts"": ""PP\\9""}",Processing error.
d43d70b9b2b54adb83b8087df7c071b9.jpg,0,"{""size"": [480, 640], ""counts"": ""PP\\9""}",Processing error.
d4481335abd14e7daa5b33a41eed2f74.jpg,0,"{""size"": [1024, 825], ""counts"": ""PPii0""}",Processing error.
d471b23bdfb74355a2cff8b02eb78956.jpg,0,"{""size"": [768, 768], ""counts"": ""PPPb0""}",Processing error.
d47bbfac4e26474688b011ddff7063a3.jpg,0,"{""size"": [1024, 584], ""counts"": ""PPXb0""}",Processing error.
d486bf7598144040bb09d9df936b6b71.jpg,0,"{""size"": [960, 1280], ""counts"": ""PP`U1""}",Processing error.
d492640bd3be4c0587e7626b724f9848.jpg,0,"{""size"": [1200, 1600], ""counts"": ""PPcj1""}",Processing error.
d5e80f527945483caab88b25e462ffd6.png,0,"{""size"": [512, 512], ""counts"": ""PPP8""}",Processing error.
d751fe7f7c6744a48dc37de758528446.jpg,0,"{""size"": [1304, 1224], ""counts"": ""Pff`1""}",Processing error.
d78c16824a0e4e3f876848a1c08d1c76.jpg,0,"{""size"": [1343, 734], ""counts"": ""ReRn0""}",Processing error.
d80e2f56957549529f636a2cae7bcdeb.jpg,0,"{""size"": [1280, 960], ""counts"": ""PP`U1""}",Processing error.
d939f6d89126405e95fcc513c49e40e8.jpg,0,"{""size"": [675, 450], ""counts"": ""VdX9""}",Processing error.
d947f32083284ad5b8fb26dee129fb85.jpg,0,"{""size"": [480, 640], ""counts"": ""PP\\9""}",Processing error.
d9dc686796404ea79819711c0bb53e28.jpg,0,"{""size"": [768, 768], ""counts"": ""PPPb0""}",Processing error.
d9fd3c95520c4042a9bf95891af6a3a0.jpg,0,"{""size"": [1975, 892], ""counts"": ""T]he1""}",Processing error.
da7797b721ef4c0f8eb38dcf9d2a5755.jpg,0,"{""size"": [1024, 683], ""counts"": ""PP[e0""}",Processing error.
da7b3213bd044fafaf1b1572d60abb8a.jpg,0,"{""size"": [1145, 960], ""counts"": ""P^aQ1""}",Processing error.
daa635fd1e534df886b5a10a83988a86.jpg,0,"{""size"": [2448, 1836], ""counts"": ""PVUY4""}",Processing error.
db4f3e1b008d43f48e4951f52c361574.jpg,0,"{""size"": [2592, 3888], ""counts"": ""P`ac9""}",Processing error.
dbcc45d9818a48f09d6078d0155bb4df.jpg,0,"{""size"": [1000, 1000], ""counts"": ""Pb`n0""}",Processing error.
de2ddf55aa2743c88b5bda4dec138e06.jpg,0,"{""size"": [7016, 4961], ""counts"": ""XcVVQ1""}",Processing error.
de6033da5e3e42429dd3be156e6ce18b.jpg,0,"{""size"": [7016, 4961], ""counts"": ""XcVVQ1""}",Processing error.
dfc1ddf0539c4dcb9d7afdd1b250718b.jpg,0,"{""size"": [3264, 2448], ""counts"": ""PPkc7""}",Processing error.
e0000e28b0f34aaaa25f6b9ecd116c4d.jpg,0,"{""size"": [764, 764], ""counts"": ""`Pja0""}",Processing error.
e064241768e04e7089b105660358dcab.jpg,0,"{""size"": [641, 714], ""counts"": ""Znn=""}",Processing error.
e0b53a2f49034969a7db62450d59578c.jpg,0,"{""size"": [1856, 2784], ""counts"": ""PPfm4""}",Processing error.
e198c2fad48245dd969cce9a8c8059a2.jpg,0,"{""size"": [768, 1024], ""counts"": ""PPPh0""}",Processing error.
e3830bcf8f224893a9f5f8404994127b.jpg,0,"{""size"": [1530, 689], ""counts"": ""j^UP1""}",Processing error.
e3e3d6d2253449e591db9eeae0fd3313.jpg,0,"{""size"": [1475, 619], ""counts"": ""Qdkk0""}",Processing error.
e3f512f98aea452fbb5628e84e0a7566.jpg,0,"{""size"": [1423, 703], ""counts"": ""am`n0""}",Processing error.
e50a38a6357f4978a6e8ae21b95f20d7.jpg,0,"{""size"": [907, 439], ""counts"": ""mjT<""}",Processing error.
e5ad9fb2bae441309d04ca2ed9cee5b3.jpg,0,"{""size"": [448, 640], ""counts"": ""PPh8""}",Processing error.
e62112528bb746778921516ba61dc425.jpg,0,"{""size"": [1780, 738], ""counts"": ""XkRX1""}",Processing error.
e65fa877f8f648069e7a752a9542bbd9.jpg,0,"{""size"": [1024, 1024], ""counts"": ""PPPP1""}",Processing error.
e74395e435df45c7ae8a6d40abdbde30.jpg,0,"{""size"": [7016, 4961], ""counts"": ""XcVVQ1""}",Processing error.
e83bb533e009452fb7b1e0fa317b7951.jpg,0,"{""size"": [332, 500], ""counts"": ""`SR5""}",Processing error.
ea451a860e884f459c455b3e88dbf7d6.jpg,0,"{""size"": [570, 764], ""counts"": ""hXY=""}",Processing error.
ea4947e9cc0c4e5ca84ca3f7370c2229.jpg,0,"{""size"": [2339, 1654], ""counts"": ""RQRf3""}",Processing error.
eab4f89e45674869a98fcd2435916f13.jpg,0,"{""size"": [7016, 4961], ""counts"": ""XcVVQ1""}",Processing error.
ec23bbfc839f4d81b0487583fd8699da.jpg,0,"{""size"": [480, 640], ""counts"": ""PP\\9""}",Processing error.
ecccc96ac2b24bdcaac62d6605185bf7.jpg,0,"{""size"": [768, 768], ""counts"": ""PPPb0""}",Processing error.
ecfa59e0027e447f87edf5f52ef8a803.jpg,0,"{""size"": [681, 1024], ""counts"": ""PPYe0""}",Processing error.
ed11f79dbdc7483c9eb9d69d115feb1d.jpg,0,"{""size"": [1856, 2784], ""counts"": ""PPfm4""}",Processing error.
ed64c397d0c4430eb560e1a13d81b0f7.jpg,0,"{""size"": [1024, 643], ""counts"": ""PPSd0""}",Processing error.
edda4499bf364ea4b49a54f36b88b81a.jpg,0,"{""size"": [1200, 1600], ""counts"": ""PPcj1""}",Processing error.
ef383b5662dd435ea9839db33d883202.jpg,0,"{""size"": [480, 640], ""counts"": ""PP\\9""}",Processing error.
ef65ef83ed7748edab9580c5d2f3880e.jpg,0,"{""size"": [768, 1024], ""counts"": ""PPPh0""}",Processing error.
ef9d73598493407598905c39933334ba.jpg,0,"{""size"": [960, 1280], ""counts"": ""PP`U1""}",Processing error.
f0a872a0c57142ddbdc1bc76bd425814.jpg,0,"{""size"": [1000, 562], ""counts"": ""`jTa0""}",Processing error.
f0e096633c614ab6926f032a9c3c745b.jpg,0,"{""size"": [2191, 932], ""counts"": ""lTZn1""}",Processing error.
f12fe2a1d20f4dfbbf0c9a207614bb7d.jpg,0,"{""size"": [768, 768], ""counts"": ""PPPb0""}",Processing error.
f17b92be1fbf47f5b2d08711930fecbd.jpg,0,"{""size"": [682, 1024], ""counts"": ""PPZe0""}",Processing error.
f1ba85da40084faf89b115bd47d0803e.jpg,0,"{""size"": [666, 668], ""counts"": ""h^b=""}",Processing error.
f27d5d1e48b444798ef5c56d57f3f84d.jpg,0,"{""size"": [768, 768], ""counts"": ""PPPb0""}",Processing error.
f31514eb07db40839b79a4e9e5e9069b.jpg,0,"{""size"": [960, 1280], ""counts"": ""PP`U1""}",Processing error.
f33a149748074c3f8671f429b522f0e7.jpg,0,"{""size"": [2338, 1654], ""counts"": ""\\]Pf3""}",Processing error.
f33b2afdb0f24118b11ac5087be62aca.jpg,0,"{""size"": [1708, 794], ""counts"": ""h[\\Y1""}",Processing error.
f373751a921c4762bc5587d7dcbc4a2b.jpg,0,"{""size"": [1868, 884], ""counts"": ""`c\\b1""}",Processing error.
f38b75d59c5a41ddbd397d109a11fba6.jpg,0,"{""size"": [512, 512], ""counts"": ""PPP8""}",Processing error.
f3a4dee4c0aa41a5b93e3796693d8e2d.jpg,0,"{""size"": [1024, 768], ""counts"": ""PPPh0""}",Processing error.
f3eb6fb0077a480ea1bbdcc3edd68004.jpg,0,"{""size"": [512, 512], ""counts"": ""PPP8""}",Processing error.
f52f886826374d739fdb57d964bb7a71.jpg,0,"{""size"": [374, 252], ""counts"": ""XQl2""}",Processing error.
f5f774e2d71241948ebe1559f3bc31dd.jpg,0,"{""size"": [768, 768], ""counts"": ""PPPb0""}",Processing error.
f62dab360145444eb107d5fd24dd7b83.jpg,0,"{""size"": [960, 1280], ""counts"": ""PP`U1""}",Processing error.
f64f8096d12946fd9f823caad9df0766.jpg,0,"{""size"": [480, 640], ""counts"": ""PP\\9""}",Processing error.
f68008dc9e1348bdbf02572a9b1efd27.jpg,0,"{""size"": [1620, 793], ""counts"": ""daVW1""}",Processing error.
f6f7cfe0c0b74669aa001a49d0af0db1.jpg,0,"{""size"": [1536, 2048], ""counts"": ""PPPP3""}",Processing error.
f7d23c3cbc78474393300c7b359e6f50.jpg,0,"{""size"": [959, 443], ""counts"": ""Uln<""}",Processing error.
f828c5c711f3456a8abdbf7c03916d37.jpg,0,"{""size"": [2448, 1836], ""counts"": ""PVUY4""}",Processing error.
f8d6768effe24488a78f0fa3ee39fd28.jpg,0,"{""size"": [480, 640], ""counts"": ""PP\\9""}",Processing error.
f9222362144e49d88f9b9502438560c0.jpg,0,"{""size"": [2180, 884], ""counts"": ""`nij1""}",Processing error.
fa0e6f3d393a41329e0deb2e8a3fe5da.jpg,0,"{""size"": [768, 768], ""counts"": ""PPPb0""}",Processing error.
fb04ca0f337a47f9b8fd4b755e1c6fe3.jpg,0,"{""size"": [590, 1280], ""counts"": ""P`Qg0""}",Processing error.
fca0a922140b4cb297bd74c9243af028.jpg,0,"{""size"": [1200, 1600], ""counts"": ""PPcj1""}",Processing error.
fce5ac6ee31f49a8ab681dd14ff22be2.jpg,0,"{""size"": [102, 422], ""counts"": ""TQZ1""}",Processing error.
fd1cc167c803403195618d48a86cef09.jpg,0,"{""size"": [1536, 1024], ""counts"": ""PPP`1""}",Processing error.
fd49683f5b22455b8a89a4d37c80257e.jpg,0,"{""size"": [1475, 615], ""counts"": ""ekek0""}",Processing error.
fd4e9af3bef6452c8bb8ce5a5b0017fe.jpg,0,"{""size"": [1011, 764], ""counts"": ""dYbg0""}",Processing error.
fda0d65b0d34491f9ff4205b801f9cb1.jpg,0,"{""size"": [590, 1280], ""counts"": ""P`Qg0""}",Processing error.
fe06b116f6094b648149de5d21f870e7.jpg,0,"{""size"": [428, 640], ""counts"": ""P`[8""}",Processing error.
fe254e380f2a499cb5535cc952e60c62.jpg,0,"{""size"": [1200, 1600], ""counts"": ""PPcj1""}",Processing error.
fe36e0965f764cb3ae0f90fb31d50c08.jpg,0,"{""size"": [2015, 936], ""counts"": ""hjai1""}",Processing error.
feb15a0d36e6418891fad40177ec7197.jpg,0,"{""size"": [480, 640], ""counts"": ""PP\\9""}",Processing error.
ff09c5a4bcff443c858c39f832bf8163.jpg,0,"{""size"": [1856, 2784], ""counts"": ""PPfm4""}",Processing error.
ff5f4c8d9a91454fa83680032acc2295.jpg,0,"{""size"": [1208, 616], ""counts"": ""Pfff0""}",Processing error.
